[{"winner": "UMR", "loser": "Norman"}, {"winner": "Mr. Fuji", "loser": "Smough"}, {"winner": "Nigrescent", "loser": "Chris"}, {"winner": "Pomfkimochi", "loser": "Pika"}, {"winner": "Mosh's Falco", "loser": "Cecil"}, {"winner": "Phlow", "loser": "MoonRobin"}, {"winner": "Pound cake", "loser": "Jacob"}, {"winner": "EWC's BBC's Planet Earth", "loser": "UMR"}, {"winner": "IceBallz", "loser": "Life"}, {"winner": "Eidolon", "loser": "Sith"}, {"winner": "Gerbert", "loser": "Wakeningg"}, {"winner": "LinkXBowserPro98", "loser": "Mr. Fuji"}, {"winner": "Jee Pipes", "loser": "Barrage"}, {"winner": "KrispySmooth", "loser": "Nigrescent"}, {"winner": "nakadashi", "loser": "Fringent"}, {"winner": "Rabbit", "loser": "Pomfkimochi"}, {"winner": "LoneMarioBlooper", "loser": "Root"}, {"winner": "CUB | Simba", "loser": "Mosh's Falco"}, {"winner": "Eon", "loser": "HK"}, {"winner": "GarbageLord", "loser": "Phlow"}, {"winner": "MurphyPrime", "loser": "Ursi"}, {"winner": "OT Eric", "loser": "Pound cake"}, {"winner": "DiscoWinter", "loser": "Youngster Joey"}, {"winner": "EWC's BBC's Planet Earth", "loser": "IceBallz"}, {"winner": "Gerbert", "loser": "Eidolon"}, {"winner": "LinkXBowserPro98", "loser": "Jee Pipes"}, {"winner": "nakadashi", "loser": "KrispySmooth"}, {"winner": "Rabbit", "loser": "LoneMarioBlooper"}, {"winner": "CUB | Simba", "loser": "Eon"}, {"winner": "GarbageLord", "loser": "MurphyPrime"}, {"winner": "OT Eric", "loser": "DiscoWinter"}, {"winner": "Gerbert", "loser": "EWC's BBC's Planet Earth"}, {"winner": "LinkXBowserPro98", "loser": "nakadashi"}, {"winner": "Rabbit", "loser": "CUB | Simba"}, {"winner": "GarbageLord", "loser": "OT Eric"}, {"winner": "LinkXBowserPro98", "loser": "Gerbert"}, {"winner": "GarbageLord", "loser": "Rabbit"}, {"winner": "GarbageLord", "loser": "LinkXBowserPro98"}, {"winner": "GarbageLord", "loser": "EWC's BBC's Planet Earth"}, {"winner": "Youngster Joey", "loser": "Norman"}, {"winner": "HK", "loser": "Smough"}, {"winner": "Root", "loser": "Chris"}, {"winner": "Fringent", "loser": "Pika"}, {"winner": "Barrage", "loser": "Cecil"}, {"winner": "Wakeningg", "loser": "MoonRobin"}, {"winner": "Life", "loser": "Jacob"}, {"winner": "Youngster Joey", "loser": "Pound cake"}, {"winner": "Ursi", "loser": "Phlow"}, {"winner": "HK", "loser": "Mosh's Falco"}, {"winner": "Root", "loser": "Pomfkimochi"}, {"winner": "Nigrescent", "loser": "Fringent"}, {"winner": "Barrage", "loser": "Mr. Fuji"}, {"winner": "Wakeningg", "loser": "Sith"}, {"winner": "Life", "loser": "UMR"}, {"winner": "Youngster Joey", "loser": "KrispySmooth"}, {"winner": "Ursi", "loser": "Jee Pipes"}, {"winner": "Eidolon", "loser": "HK"}, {"winner": "IceBallz", "loser": "Root"}, {"winner": "Nigrescent", "loser": "DiscoWinter"}, {"winner": "MurphyPrime", "loser": "Barrage"}, {"winner": "Eon", "loser": "Wakeningg"}, {"winner": "LoneMarioBlooper", "loser": "Life"}, {"winner": "Ursi", "loser": "Youngster Joey"}, {"winner": "Eidolon", "loser": "IceBallz"}, {"winner": "Nigrescent", "loser": "MurphyPrime"}, {"winner": "LoneMarioBlooper", "loser": "Eon"}, {"winner": "CUB | Simba", "loser": "Ursi"}, {"winner": "Eidolon", "loser": "OT Eric"}, {"winner": "EWC's BBC's Planet Earth", "loser": "Nigrescent"}, {"winner": "nakadashi", "loser": "LoneMarioBlooper"}, {"winner": "Eidolon", "loser": "CUB | Simba"}, {"winner": "EWC's BBC's Planet Earth", "loser": "nakadashi"}, {"winner": "Gerbert", "loser": "Eidolon"}, {"winner": "EWC's BBC's Planet Earth", "loser": "Rabbit"}, {"winner": "EWC's BBC's Planet Earth", "loser": "Gerbert"}, {"winner": "EWC's BBC's Planet Earth", "loser": "LinkXBowserPro98"}]