[{"winner": "Juice", "loser": "Salem"}, {"winner": "Sith", "loser": "MurphyPrime"}, {"winner": "Poor|Simba", "loser": "5-0'd by Eon"}, {"winner": "GarbagePrince", "loser": "Cecil"}, {"winner": "Root", "loser": "Norman"}, {"winner": "BLT Eric", "loser": "Jacob"}, {"winner": "Eon", "loser": "Tfolk"}, {"winner": "Life", "loser": "Pokno"}, {"winner": "Freedomm", "loser": "Chris"}, {"winner": "Wakeningg", "loser": "David"}, {"winner": "KrispySmooth", "loser": "Kiwi"}, {"winner": "Iceballz", "loser": "G Pipes"}, {"winner": "Eidolm@ster", "loser": "Jo"}, {"winner": "Not the netplay marth instead the puff gerb", "loser": "Jason \"LetsDuet\" Young"}, {"winner": "Dixon Cider", "loser": "Juice"}, {"winner": "Poor|Simba", "loser": "Sith"}, {"winner": "GarbagePrince", "loser": "Root"}, {"winner": "Eon", "loser": "BLT Eric"}, {"winner": "UW SOUP CHAMPION | Campbell", "loser": "Life"}, {"winner": "Freedomm", "loser": "Wakeningg"}, {"winner": "KrispySmooth", "loser": "Iceballz"}, {"winner": "Eidolm@ster", "loser": "Not the netplay marth instead the puff gerb"}, {"winner": "Poor|Simba", "loser": "Dixon Cider"}, {"winner": "GarbagePrince", "loser": "Eon"}, {"winner": "UW SOUP CHAMPION | Campbell", "loser": "Freedomm"}, {"winner": "Eidolm@ster", "loser": "KrispySmooth"}, {"winner": "Poor|Simba", "loser": "GarbagePrince"}, {"winner": "UW SOUP CHAMPION | Campbell", "loser": "Eidolm@ster"}, {"winner": "UW SOUP CHAMPION | Campbell", "loser": "Poor|Simba"}, {"winner": "UW SOUP CHAMPION | Campbell", "loser": "Poor|Simba"}, {"winner": "MurphyPrime", "loser": "5-0'd by Eon"}, {"winner": "Cecil", "loser": "Norman"}, {"winner": "Jacob", "loser": "Tfolk"}, {"winner": "Chris", "loser": "David"}, {"winner": "G Pipes", "loser": "Kiwi"}, {"winner": "Jason \"LetsDuet\" Young", "loser": "Jo"}, {"winner": "Not the netplay marth instead the puff gerb", "loser": "Salem"}, {"winner": "MurphyPrime", "loser": "Iceballz"}, {"winner": "Wakeningg", "loser": "Cecil"}, {"winner": "Life", "loser": "Jacob"}, {"winner": "BLT Eric", "loser": "Pokno"}, {"winner": "Root", "loser": "Chris"}, {"winner": "G Pipes", "loser": "Sith"}, {"winner": "Juice", "loser": "Jason \"LetsDuet\" Young"}, {"winner": "Not the netplay marth instead the puff gerb", "loser": "MurphyPrime"}, {"winner": "Life", "loser": "Wakeningg"}, {"winner": "BLT Eric", "loser": "Root"}, {"winner": "G Pipes", "loser": "Juice"}, {"winner": "Not the netplay marth instead the puff gerb", "loser": "Eon"}, {"winner": "Dixon Cider", "loser": "Life"}, {"winner": "KrispySmooth", "loser": "BLT Eric"}, {"winner": "Freedomm", "loser": "G Pipes"}, {"winner": "Dixon Cider", "loser": "Not the netplay marth instead the puff gerb"}, {"winner": "KrispySmooth", "loser": "Freedomm"}, {"winner": "Dixon Cider", "loser": "Eidolm@ster"}, {"winner": "GarbagePrince", "loser": "KrispySmooth"}, {"winner": "GarbagePrince", "loser": "Dixon Cider"}, {"winner": "Poor|Simba", "loser": "GarbagePrince"}]