[{"winner": "G Pipes", "loser": "Life"}, {"winner": "Eidolon", "loser": "WD40"}, {"winner": "beanboozler", "loser": "Phlo*"}, {"winner": "Gono", "loser": "Dr. Shotz"}, {"winner": "MurphyPrime", "loser": "HK"}, {"winner": "Delta", "loser": "Monta"}, {"winner": "Love", "loser": "LetsDuet"}, {"winner": "Judy Hopps", "loser": "The Little Kirby That Could"}, {"winner": "Root", "loser": "Mosh's Falco"}, {"winner": "Simba", "loser": "Dr. Shitz"}, {"winner": "Crimson", "loser": "Samus main"}, {"winner": "Nick Wilde", "loser": "norman"}, {"winner": "IceBallz", "loser": "Ursi"}, {"winner": "The Strongest Garbage", "loser": "Chiu"}, {"winner": "Eon", "loser": "Smoyd"}, {"winner": "not bug", "loser": "G Pipes"}, {"winner": "Eidolon", "loser": "beanboozler"}, {"winner": "MurphyPrime", "loser": "Gono"}, {"winner": "Delta", "loser": "Love"}, {"winner": "Judy Hopps", "loser": "Root"}, {"winner": "Simba", "loser": "Crimson"}, {"winner": "Nick Wilde", "loser": "IceBallz"}, {"winner": "Eon", "loser": "The Strongest Garbage"}, {"winner": "Eidolon", "loser": "not bug"}, {"winner": "Delta", "loser": "MurphyPrime"}, {"winner": "Judy Hopps", "loser": "Simba"}, {"winner": "Nick Wilde", "loser": "Eon"}, {"winner": "Delta", "loser": "Eidolon"}, {"winner": "Nick Wilde", "loser": "Judy Hopps"}, {"winner": "Delta", "loser": "Nick Wilde"}, {"winner": "Nick Wilde", "loser": "Delta"}, {"winner": "Phlo*", "loser": "WD40"}, {"winner": "HK", "loser": "Dr. Shotz"}, {"winner": "LetsDuet", "loser": "Monta"}, {"winner": "The Little Kirby That Could", "loser": "Mosh's Falco"}, {"winner": "Samus main", "loser": "Dr. Shitz"}, {"winner": "norman", "loser": "Ursi"}, {"winner": "Smoyd", "loser": "Chiu"}, {"winner": "The Strongest Garbage", "loser": "Life"}, {"winner": "IceBallz", "loser": "Phlo*"}, {"winner": "Crimson", "loser": "HK"}, {"winner": "LetsDuet", "loser": "Root"}, {"winner": "Love", "loser": "The Little Kirby That Could"}, {"winner": "Samus main", "loser": "Gono"}, {"winner": "beanboozler", "loser": "norman"}, {"winner": "G Pipes", "loser": "Smoyd"}, {"winner": "The Strongest Garbage", "loser": "IceBallz"}, {"winner": "Crimson", "loser": "LetsDuet"}, {"winner": "Samus main", "loser": "Love"}, {"winner": "beanboozler", "loser": "G Pipes"}, {"winner": "The Strongest Garbage", "loser": "MurphyPrime"}, {"winner": "not bug", "loser": "Crimson"}, {"winner": "Eon", "loser": "Samus main"}, {"winner": "Simba", "loser": "beanboozler"}, {"winner": "not bug", "loser": "The Strongest Garbage"}, {"winner": "Simba", "loser": "Eon"}, {"winner": "not bug", "loser": "Judy Hopps"}, {"winner": "Eidolon", "loser": "Simba"}, {"winner": "not bug", "loser": "Eidolon"}, {"winner": "Nick Wilde", "loser": "not bug"}]