[{"winner": "Root", "loser": "Q"}, {"winner": "Life", "loser": "Nay"}, {"winner": "YYZ", "loser": "Jing"}, {"winner": "LD | Mosh", "loser": "Jop"}, {"winner": "Pokno", "loser": "Rational Pie"}, {"winner": "Freedom", "loser": "Dak"}, {"winner": "HK", "loser": "Strawberry"}, {"winner": "Disco Winter", "loser": "M&M"}, {"winner": "Bible Black", "loser": "Root"}, {"winner": "GPipes", "loser": "Life"}, {"winner": "Ultralight Beam", "loser": "YYZ"}, {"winner": "Dr. Shots", "loser": "LD | Mosh"}, {"winner": "Cyan", "loser": "Pokno"}, {"winner": "Freedom", "loser": "OTEric"}, {"winner": "Lonebutterfish", "loser": "HK"}, {"winner": "Garbage Warrior Supreme", "loser": "Disco Winter"}, {"winner": "Bible Black", "loser": "GPipes"}, {"winner": "Ultralight Beam", "loser": "Dr. Shots"}, {"winner": "Cyan", "loser": "Freedom"}, {"winner": "Lonebutterfish", "loser": "Garbage Warrior Supreme"}, {"winner": "Bible Black", "loser": "Ultralight Beam"}, {"winner": "Cyan", "loser": "Lonebutterfish"}, {"winner": "Bible Black", "loser": "Cyan"}, {"winner": "Bible Black", "loser": "Cyan"}, {"winner": "Disco Winter", "loser": "Q"}, {"winner": "HK", "loser": "Nay"}, {"winner": "OTEric", "loser": "Jing"}, {"winner": "Pokno", "loser": "Jop"}, {"winner": "LD | Mosh", "loser": "Rational Pie"}, {"winner": "YYZ", "loser": "Dak"}, {"winner": "Life", "loser": "Strawberry"}, {"winner": "Root", "loser": "M&M"}, {"winner": "Disco Winter", "loser": "HK"}, {"winner": "Pokno", "loser": "OTEric"}, {"winner": "LD | Mosh", "loser": "YYZ"}, {"winner": "Root", "loser": "Life"}, {"winner": "Dr. Shots", "loser": "Disco Winter"}, {"winner": "GPipes", "loser": "Pokno"}, {"winner": "Garbage Warrior Supreme", "loser": "LD | Mosh"}, {"winner": "Freedom", "loser": "Root"}, {"winner": "Dr. Shots", "loser": "GPipes"}, {"winner": "Garbage Warrior Supreme", "loser": "Freedom"}, {"winner": "Lonebutterfish", "loser": "Dr. Shots"}, {"winner": "Ultralight Beam", "loser": "Garbage Warrior Supreme"}, {"winner": "Lonebutterfish", "loser": "Ultralight Beam"}, {"winner": "Cyan", "loser": "Lonebutterfish"}]