[{"winner": "Future", "loser": "Javqa"}, {"winner": "Life", "loser": "Lockirby"}, {"winner": "JusttheTipper", "loser": "NaCl"}, {"winner": "Despite all my Rage I am Still Just a Rat in the Cage", "loser": "Mantou"}, {"winner": "KrispySmooth", "loser": "Smough"}, {"winner": "Smoyd", "loser": "Cecil"}, {"winner": "2%", "loser": "Yimpy"}, {"winner": "Noobletz", "loser": "HK"}, {"winner": "DiscoWinter", "loser": "Joe"}, {"winner": "CrimsonFalcon", "loser": "zoonie"}, {"winner": "IceBallz", "loser": "Bahlakay"}, {"winner": "Ursi", "loser": "Jacob"}, {"winner": "LetsDuet", "loser": "Papay"}, {"winner": "placeholder for andrew's dumbass tag", "loser": "Future"}, {"winner": "#2 Barrie|Marth/Fox Pro", "loser": "Gpipes"}, {"winner": "Eidolon", "loser": "Life"}, {"winner": "gerb", "loser": "JusttheTipper"}, {"winner": "KW SECONDARIES CHAMPION| Rabbit", "loser": "Despite all my Rage I am Still Just a Rat in the Cage"}, {"winner": "KrispySmooth", "loser": "Love"}, {"winner": "Delta", "loser": "Smoyd"}, {"winner": "Freedomm", "loser": "2%"}, {"winner": "Haxfn$", "loser": "Noobletz"}, {"winner": "LP KW Champ|MurphyPrime", "loser": "Fringent"}, {"winner": "OT Eric", "loser": "DiscoWinter"}, {"winner": "Simba", "loser": "CrimsonFalcon"}, {"winner": "Cyan", "loser": "IceBallz"}, {"winner": "Root", "loser": "Eon"}, {"winner": "GarbagePrince", "loser": "Ursi"}, {"winner": "Juice", "loser": "LetsDuet"}, {"winner": "placeholder for andrew's dumbass tag", "loser": "#2 Barrie|Marth/Fox Pro"}, {"winner": "gerb", "loser": "Eidolon"}, {"winner": "KW SECONDARIES CHAMPION| Rabbit", "loser": "KrispySmooth"}, {"winner": "Delta", "loser": "Freedomm"}, {"winner": "Haxfn$", "loser": "LP KW Champ|MurphyPrime"}, {"winner": "OT Eric", "loser": "Simba"}, {"winner": "Cyan", "loser": "Root"}, {"winner": "GarbagePrince", "loser": "Juice"}, {"winner": "placeholder for andrew's dumbass tag", "loser": "gerb"}, {"winner": "KW SECONDARIES CHAMPION| Rabbit", "loser": "Delta"}, {"winner": "Haxfn$", "loser": "OT Eric"}, {"winner": "GarbagePrince", "loser": "Cyan"}, {"winner": "placeholder for andrew's dumbass tag", "loser": "KW SECONDARIES CHAMPION| Rabbit"}, {"winner": "Haxfn$", "loser": "GarbagePrince"}, {"winner": "placeholder for andrew's dumbass tag", "loser": "Haxfn$"}, {"winner": "placeholder for andrew's dumbass tag", "loser": "KW SECONDARIES CHAMPION| Rabbit"}, {"winner": "LetsDuet", "loser": "Javqa"}, {"winner": "Eon", "loser": "Lockirby"}, {"winner": "IceBallz", "loser": "NaCl"}, {"winner": "CrimsonFalcon", "loser": "Mantou"}, {"winner": "DiscoWinter", "loser": "Smough"}, {"winner": "Fringent", "loser": "Cecil"}, {"winner": "Yimpy", "loser": "Noobletz"}, {"winner": "HK", "loser": "2%"}, {"winner": "Love", "loser": "Joe"}, {"winner": "Despite all my Rage I am Still Just a Rat in the Cage", "loser": "zoonie"}, {"winner": "JusttheTipper", "loser": "Bahlakay"}, {"winner": "Gpipes", "loser": "Jacob"}, {"winner": "Future", "loser": "Papay"}, {"winner": "Ursi", "loser": "LetsDuet"}, {"winner": "IceBallz", "loser": "Eon"}, {"winner": "DiscoWinter", "loser": "CrimsonFalcon"}, {"winner": "Fringent", "loser": "Yimpy"}, {"winner": "HK", "loser": "Smoyd"}, {"winner": "Love", "loser": "Despite all my Rage I am Still Just a Rat in the Cage"}, {"winner": "Life", "loser": "JusttheTipper"}, {"winner": "Gpipes", "loser": "Future"}, {"winner": "Freedomm", "loser": "Ursi"}, {"winner": "KrispySmooth", "loser": "IceBallz"}, {"winner": "Eidolon", "loser": "DiscoWinter"}, {"winner": "#2 Barrie|Marth/Fox Pro", "loser": "Fringent"}, {"winner": "Juice", "loser": "HK"}, {"winner": "Love", "loser": "Root"}, {"winner": "Life", "loser": "Simba"}, {"winner": "LP KW Champ|MurphyPrime", "loser": "Gpipes"}, {"winner": "KrispySmooth", "loser": "Freedomm"}, {"winner": "Eidolon", "loser": "#2 Barrie|Marth/Fox Pro"}, {"winner": "Love", "loser": "Juice"}, {"winner": "LP KW Champ|MurphyPrime", "loser": "Life"}, {"winner": "KrispySmooth", "loser": "OT Eric"}, {"winner": "Cyan", "loser": "Eidolon"}, {"winner": "gerb", "loser": "Love"}, {"winner": "Delta", "loser": "LP KW Champ|MurphyPrime"}, {"winner": "Cyan", "loser": "KrispySmooth"}, {"winner": "gerb", "loser": "Delta"}, {"winner": "KW SECONDARIES CHAMPION| Rabbit", "loser": "Cyan"}, {"winner": "GarbagePrince", "loser": "gerb"}, {"winner": "KW SECONDARIES CHAMPION| Rabbit", "loser": "GarbagePrince"}, {"winner": "KW SECONDARIES CHAMPION| Rabbit", "loser": "Haxfn$"}]