[{"winner": "Root", "loser": "LD | Discowinter"}, {"winner": "Freedom", "loser": "Total"}, {"winner": "Love", "loser": "CVWAUW"}, {"winner": "RageCage", "loser": "shadowslippy"}, {"winner": "Tungsten", "loser": "Life"}, {"winner": "Eon", "loser": "Ursi"}, {"winner": "Simba", "loser": "USSR"}, {"winner": "gerb", "loser": "YYZ"}, {"winner": "Crimson", "loser": "LetsDuet"}, {"winner": "OTEric", "loser": "G.O.P."}, {"winner": "G Debt", "loser": "_espo"}, {"winner": "EWC's BBC", "loser": "Root"}, {"winner": "Freedom", "loser": "Love"}, {"winner": "Garbage Prince", "loser": "RageCage"}, {"winner": "KrispySmooth", "loser": "Tungsten"}, {"winner": "Lonebutterfish", "loser": "Eon"}, {"winner": "Simba", "loser": "gerb"}, {"winner": "keatstalol", "loser": "Crimson"}, {"winner": "G Debt", "loser": "OTEric"}, {"winner": "EWC's BBC", "loser": "Freedom"}, {"winner": "Garbage Prince", "loser": "KrispySmooth"}, {"winner": "Simba", "loser": "Lonebutterfish"}, {"winner": "keatstalol", "loser": "G Debt"}, {"winner": "EWC's BBC", "loser": "Garbage Prince"}, {"winner": "keatstalol", "loser": "Simba"}, {"winner": "keatstalol", "loser": "EWC's BBC"}, {"winner": "EWC's BBC", "loser": "keatstalol"}, {"winner": "Total", "loser": "CVWAUW"}, {"winner": "YYZ", "loser": "USSR"}, {"winner": "G.O.P.", "loser": "_espo"}, {"winner": "OTEric", "loser": "LD | Discowinter"}, {"winner": "Crimson", "loser": "Total"}, {"winner": "gerb", "loser": "shadowslippy"}, {"winner": "Eon", "loser": "Life"}, {"winner": "Ursi", "loser": "Tungsten"}, {"winner": "YYZ", "loser": "RageCage"}, {"winner": "Love", "loser": "LetsDuet"}, {"winner": "Root", "loser": "G.O.P."}, {"winner": "Crimson", "loser": "OTEric"}, {"winner": "gerb", "loser": "Eon"}, {"winner": "Ursi", "loser": "YYZ"}, {"winner": "Root", "loser": "Love"}, {"winner": "KrispySmooth", "loser": "Crimson"}, {"winner": "gerb", "loser": "Freedom"}, {"winner": "Ursi", "loser": "G Debt"}, {"winner": "Lonebutterfish", "loser": "Root"}, {"winner": "KrispySmooth", "loser": "gerb"}, {"winner": "Lonebutterfish", "loser": "Ursi"}, {"winner": "Simba", "loser": "KrispySmooth"}, {"winner": "Lonebutterfish", "loser": "Garbage Prince"}, {"winner": "Lonebutterfish", "loser": "Simba"}, {"winner": "EWC's BBC", "loser": "Lonebutterfish"}]