[{"winner": "Barrage", "loser": "IceBallz"}, {"winner": "Crimson", "loser": "NaCl"}, {"winner": "Wakening", "loser": "Lamps"}, {"winner": "HK", "loser": "Smough"}, {"winner": "RageCage", "loser": "Ravioli"}, {"winner": "LetsDuet", "loser": "Flow"}, {"winner": "Root", "loser": "YYZ"}, {"winner": "Pokno", "loser": "Cos"}, {"winner": "Ursi", "loser": "MurphyPrime"}, {"winner": "Sith", "loser": "Aveeno"}, {"winner": "DiscoWinter", "loser": "Winter Sea"}, {"winner": "Dshi", "loser": "Barrage"}, {"winner": "Eon", "loser": "Simba"}, {"winner": "Rabbit", "loser": "Crimson"}, {"winner": "Delta", "loser": "Wakening"}, {"winner": "Jenny's BMW", "loser": "HK"}, {"winner": "OT Eric", "loser": "Love"}, {"winner": "Mike Oxwelling", "loser": "RageCage"}, {"winner": "Gerb", "loser": "Life"}, {"winner": "Windrose", "loser": "LetsDuet"}, {"winner": "Shio", "loser": "Freedomm"}, {"winner": "BLT TO OT Dr. Shotz", "loser": "Root"}, {"winner": "GarbagePrince", "loser": "Pokno"}, {"winner": "Jenny's BBC", "loser": "Ursi"}, {"winner": "Eidolon", "loser": "GPipes"}, {"winner": "Cyan", "loser": "Sith"}, {"winner": "KrispySmooth", "loser": "DiscoWinter"}, {"winner": "Dshi", "loser": "Eon"}, {"winner": "Delta", "loser": "Rabbit"}, {"winner": "OT Eric", "loser": "Jenny's BMW"}, {"winner": "Mike Oxwelling", "loser": "Gerb"}, {"winner": "Windrose", "loser": "Shio"}, {"winner": "GarbagePrince", "loser": "BLT TO OT Dr. Shotz"}, {"winner": "Jenny's BBC", "loser": "Eidolon"}, {"winner": "Cyan", "loser": "KrispySmooth"}, {"winner": "Dshi", "loser": "Delta"}, {"winner": "Mike Oxwelling", "loser": "OT Eric"}, {"winner": "GarbagePrince", "loser": "Windrose"}, {"winner": "Cyan", "loser": "Jenny's BBC"}, {"winner": "Dshi", "loser": "Mike Oxwelling"}, {"winner": "GarbagePrince", "loser": "Cyan"}, {"winner": "GarbagePrince", "loser": "Dshi"}, {"winner": "Dshi", "loser": "GarbagePrince"}, {"winner": "IceBallz", "loser": "DiscoWinter"}, {"winner": "GPipes", "loser": "NaCl"}, {"winner": "Ursi", "loser": "Lamps"}, {"winner": "Pokno", "loser": "Smough"}, {"winner": "Freedomm", "loser": "Ravioli"}, {"winner": "Life", "loser": "Flow"}, {"winner": "Love", "loser": "YYZ"}, {"winner": "HK", "loser": "Cos"}, {"winner": "MurphyPrime", "loser": "Wakening"}, {"winner": "Simba", "loser": "Aveeno"}, {"winner": "Barrage", "loser": "Winter Sea"}, {"winner": "IceBallz", "loser": "Sith"}, {"winner": "GPipes", "loser": "Ursi"}, {"winner": "Pokno", "loser": "Root"}, {"winner": "Freedomm", "loser": "LetsDuet"}, {"winner": "Life", "loser": "RageCage"}, {"winner": "Love", "loser": "HK"}, {"winner": "MurphyPrime", "loser": "Crimson"}, {"winner": "Simba", "loser": "Barrage"}, {"winner": "Gerb", "loser": "IceBallz"}, {"winner": "Jenny's BMW", "loser": "GPipes"}, {"winner": "Rabbit", "loser": "Pokno"}, {"winner": "Freedomm", "loser": "Eon"}, {"winner": "KrispySmooth", "loser": "Life"}, {"winner": "Eidolon", "loser": "Love"}, {"winner": "BLT TO OT Dr. Shotz", "loser": "MurphyPrime"}, {"winner": "Simba", "loser": "Shio"}, {"winner": "Gerb", "loser": "Jenny's BMW"}, {"winner": "Rabbit", "loser": "Freedomm"}, {"winner": "KrispySmooth", "loser": "Eidolon"}, {"winner": "BLT TO OT Dr. Shotz", "loser": "Simba"}, {"winner": "Windrose", "loser": "Gerb"}, {"winner": "Jenny's BBC", "loser": "Rabbit"}, {"winner": "Delta", "loser": "KrispySmooth"}, {"winner": "BLT TO OT Dr. Shotz", "loser": "OT Eric"}, {"winner": "Windrose", "loser": "Jenny's BBC"}, {"winner": "Delta", "loser": "BLT TO OT Dr. Shotz"}, {"winner": "Mike Oxwelling", "loser": "Windrose"}, {"winner": "Cyan", "loser": "Delta"}, {"winner": "Mike Oxwelling", "loser": "Cyan"}, {"winner": "Dshi", "loser": "Mike Oxwelling"}]