[{"winner": "SomeStPattysDayPun", "loser": "Pika"}, {"winner": "Ryan Ford", "loser": "SomeStPattysDayPun"}, {"winner": "Life", "loser": "Barrage"}, {"winner": "AP Renekton", "loser": "SSJLinkMain"}, {"winner": "KrispySmooth", "loser": "Classic Mitch"}, {"winner": "Ultimate Garbage", "loser": "CWK"}, {"winner": "Gerb", "loser": "Phlo"}, {"winner": "Drunk Fox", "loser": "OTEric"}, {"winner": "Root", "loser": "Aries Nova"}, {"winner": "Rabbit", "loser": "Yimpy"}, {"winner": "Ursi", "loser": "Jive Turkey"}, {"winner": "Green Goblin", "loser": "UMR"}, {"winner": "Simba", "loser": "HatCrab"}, {"winner": "GreenPeachLegend", "loser": "Jesus"}, {"winner": "bahlakay", "loser": "Youngster Joey"}, {"winner": "inseki", "loser": "POMFKIMOCHI"}, {"winner": "Eidolon", "loser": "Pokno"}, {"winner": "Ryan Ford", "loser": "Life"}, {"winner": "AP Renekton", "loser": "KrispySmooth"}, {"winner": "Ultimate Garbage", "loser": "Gerb"}, {"winner": "Drunk Fox", "loser": "Root"}, {"winner": "Rabbit", "loser": "Ursi"}, {"winner": "Simba", "loser": "Green Goblin"}, {"winner": "GreenPeachLegend", "loser": "bahlakay"}, {"winner": "inseki", "loser": "Eidolon"}, {"winner": "Ryan Ford", "loser": "AP Renekton"}, {"winner": "Drunk Fox", "loser": "Ultimate Garbage"}, {"winner": "Rabbit", "loser": "Simba"}, {"winner": "inseki", "loser": "GreenPeachLegend"}, {"winner": "Ryan Ford", "loser": "Drunk Fox"}, {"winner": "Rabbit", "loser": "inseki"}, {"winner": "Ryan Ford", "loser": "Rabbit"}, {"winner": "Ryan Ford", "loser": "Ultimate Garbage"}, {"winner": "Pokno", "loser": "Pika"}, {"winner": "Pokno", "loser": "POMFKIMOCHI"}, {"winner": "Youngster Joey", "loser": "Jesus"}, {"winner": "HatCrab", "loser": "UMR"}, {"winner": "Jive Turkey", "loser": "Yimpy"}, {"winner": "OTEric", "loser": "Aries Nova"}, {"winner": "CWK", "loser": "Phlo"}, {"winner": "Classic Mitch", "loser": "SSJLinkMain"}, {"winner": "SomeStPattysDayPun", "loser": "Barrage"}, {"winner": "Root", "loser": "Pokno"}, {"winner": "Gerb", "loser": "Youngster Joey"}, {"winner": "KrispySmooth", "loser": "HatCrab"}, {"winner": "Life", "loser": "Jive Turkey"}, {"winner": "OTEric", "loser": "Eidolon"}, {"winner": "CWK", "loser": "bahlakay"}, {"winner": "Green Goblin", "loser": "Classic Mitch"}, {"winner": "SomeStPattysDayPun", "loser": "Ursi"}, {"winner": "Gerb", "loser": "Root"}, {"winner": "KrispySmooth", "loser": "Life"}, {"winner": "OTEric", "loser": "CWK"}, {"winner": "SomeStPattysDayPun", "loser": "Green Goblin"}, {"winner": "Simba", "loser": "Gerb"}, {"winner": "KrispySmooth", "loser": "GreenPeachLegend"}, {"winner": "AP Renekton", "loser": "OTEric"}, {"winner": "Ultimate Garbage", "loser": "SomeStPattysDayPun"}, {"winner": "Simba", "loser": "KrispySmooth"}, {"winner": "Ultimate Garbage", "loser": "AP Renekton"}, {"winner": "Drunk Fox", "loser": "Simba"}, {"winner": "Ultimate Garbage", "loser": "inseki"}, {"winner": "Ultimate Garbage", "loser": "Drunk Fox"}, {"winner": "Ultimate Garbage", "loser": "Rabbit"}]